add_admin_check_to_delete_functions.sql	admin_delete_member_data
add_admin_check_to_delete_functions.sql	admin_delete_trusted_partner_data
add_check_promo_email_rpc.sql	public.check_promo_eligibility_for_email
add_deal_expiry_management.sql	public.expire_overdue_deals
add_deal_expiry_management.sql	public.get_deal_end_date
add_deal_schedule_columns.sql	is_deal_active_now
add_intro_campaign_promotions.sql	public.normalize_promotion_participant_email
add_mark_tp_key_used_function.sql	public.mark_tp_key_used
add_member_email_triggers.sql	public.trigger_member_deal_request_confirmation_email
add_member_email_triggers.sql	public.trigger_member_payment_success_email
add_partner_terms_verification_trigger.sql	public.enforce_partner_verification
add_partner_terms_verification_trigger.sql	public.on_partner_terms_accepted
add_promotions_part2_function.sql	public.confirm_promo_signup
add_promotions_table.sql	public.confirm_promo_signup
add_push_notification_webhook_trigger.sql	public.trigger_send_push_notification
add_receipt_counter_to_businesses.sql	public.get_next_receipt_number
add_receipt_counter_to_businesses.sql	to
add_tp_inquiries_table.sql	update_tp_inquiries_updated_at
add_tp_inquiry_admin_notification_trigger.sql	public.notify_admins_on_tp_inquiry
add_tp_payment_success_email_trigger.sql	public.trigger_tp_payment_success_email
add_trusted_partner_key_and_banking.sql	generate_tp_unique_key
add_trusted_partner_key_and_banking.sql	set_tp_unique_key
admin_create_trusted_partner.sql	public.admin_create_trusted_partner
admin_delete_functions.sql	admin_delete_member
admin_delete_functions.sql	admin_delete_member_data
admin_delete_functions.sql	admin_delete_trusted_partner
admin_delete_functions.sql	admin_delete_trusted_partner_data
admin_delete_functions.sql	is_admin
admin_trusted_partner_cleanup.sql	public.admin_create_trusted_partner
alternative_auth_delete.sql	admin_delete_auth_user
APPLY_ADMIN_PASSWORD_CREATION.sql	public.admin_create_trusted_partner
APPLY_ADMIN_PASSWORD_CREATION.sql	public.admin_delete_trusted_partner_complete
APPLY_ADMIN_PASSWORD_CREATION.sql	public.complete_business_profile
APPLY_ADMIN_PASSWORD_CREATION.sql	public.handle_new_user_role_assignment
apply_payment_flow_migration.sql	create_bill_approval
apply_payment_flow_migration.sql	to
apply_payment_flow_migration.sql	update_bill_approval_status
apply_payment_flow_migration.sql	update_bill_approvals_updated_at
apply_payment_flow_migration.sql	update_trusted_partner_bank_accounts_updated_at
COMPLETE_ADMIN_TRUSTED_PARTNER_FIX.sql	public.admin_create_trusted_partner
COMPLETE_SOCIAL_MEDIA_MIGRATION.sql	public.complete_business_profile
comprehensive_business_save_fix.sql	public.complete_business_profile
comprehensive_schema_with_rls.sql	public.update_updated_at_column
comprehensive_security_fixes.sql	get_user_bill_statistics
comprehensive_security_fixes.sql	public.activate_qr_after_payment
comprehensive_security_fixes.sql	public.disable_auto_renewal
comprehensive_security_fixes.sql	public.enable_auto_renewal
comprehensive_security_fixes.sql	public.get_admin_dashboard
comprehensive_security_fixes.sql	public.get_subscription_status
comprehensive_security_fixes.sql	public.try_cast_double
comprehensive_security_fixes.sql	public.update_bill_approvals_updated_at
comprehensive_security_fixes.sql	public.update_payments_updated_at
comprehensive_security_fixes.sql	public.update_trusted_partner_bank_accounts_updated_at
create_accept_partner_terms_function.sql	public.accept_partner_terms
create_admin_analytics_rpc.sql	public.get_admin_analytics
create_admin_delete_tp_system.sql	public.admin_delete_trusted_partner
create_admin_delete_tp_system.sql	to
create_check_email_function.sql	public.check_email_exists
create_deal_receipts_table.sql	public.update_deal_receipts_updated_at
create_get_all_deal_authorizations_rpc.sql	public.get_all_deal_authorizations
create_get_business_transactions_rpc.sql	get_business_transactions
create_get_top_deals_function.sql	get_top_deals
create_get_top_deals_function.sql	to
create_get_top_members_function.sql	get_top_members
create_get_top_members_function.sql	to
create_monthly_revenue_breakdown_rpc.sql	public.get_monthly_revenue_breakdown
create_notification_bypass_function.sql	public.create_notification_bypass_rls
create_notification_bypass_function_v2.sql	public.create_notification_bypass_rls
create_profile_function.sql	public.create_user_profile
create_recovery_session_rpc.sql	public.create_recovery_session
create_trusted_partner_analytics_rpc.sql	public.get_trusted_partner_analytics
deploy_member_archive_system.sql	admin_delete_member
deploy_member_archive_system.sql	admin_delete_member_data
enforce_three_roles_only.sql	public.handle_profile_role_assignment
enforce_three_roles_only.sql	public.handle_user_role_assignment
enforce_three_roles_only.sql	to
fix_admin_create_tp_business.sql	public.admin_create_trusted_partner
fix_admin_delete_member_complete.sql	public.admin_delete_member
fix_admin_delete_member_complete.sql	public.admin_delete_member_data
fix_admin_delete_member_hard_delete_auth.sql	public.admin_delete_member
fix_admin_delete_member_hard_delete_auth.sql	public.admin_delete_member_data
fix_admin_delete_member_reappearing.sql	public.admin_delete_member
fix_admin_delete_member_reappearing.sql	public.admin_delete_member_data
fix_admin_delete_tp_permission.sql	public.admin_delete_trusted_partner
fix_admin_delete_tp_permission.sql	with
fix_admin_delete_trusted_partner.sql	public.admin_delete_trusted_partner
fix_admin_hard_delete_member.sql	admin_delete_member
fix_admin_hard_delete_member.sql	admin_delete_member_data
fix_admin_member_deletion.sql	admin_delete_member
fix_admin_member_deletion.sql	admin_delete_member_data
fix_admin_member_deletion.sql	admin_delete_trusted_partner
fix_admin_member_deletion.sql	admin_delete_trusted_partner_data
fix_complete_business_profile_logo.sql	public.complete_business_profile
fix_delete_user_cascade_processed_bills.sql	delete_user_cascade
fix_email_check_rls.sql	check_email_exists
fix_email_check_rls.sql	with
fix_function_search_path_warnings.sql	function_name
fix_get_admin_dashboard.sql	public.get_admin_dashboard
fix_get_admin_dashboard.sql	public.secure_get_admin_dashboard
FIX_LIVE_DB.sql	public.get_my_role
FIX_LIVE_DB.sql	public.is_deal_active_now
fix_member_cancel_approved_deal.sql	check_member_deal_update
fix_member_signup_trigger.sql	public.handle_new_user_role_assignment
fix_pre_publish_security.sql	check_member_deal_update
fix_pre_publish_security.sql	get_orphaned_completed_deals
fix_pre_publish_security.sql	validate_deal_status_transition
FIX_PREPARE_USER_CONTEXT.sql	public.prepare_user_context
fix_signup_trigger_v2.sql	public.handle_new_user_role_assignment
fix_trigger_metadata_handling.sql	public.handle_new_user_role_assignment
fix_trigger_now.sql	public.handle_new_user_role_assignment
fix_trusted_partner_deletion.sql	admin_delete_trusted_partner_data
fix_trusted_partner_deletion_function.sql	admin_delete_trusted_partner_data
full_reinstate.sql	create_bill_approval
full_reinstate.sql	get_user_bill_statistics
full_reinstate.sql	public.activate_qr_after_payment
full_reinstate.sql	public.complete_business_profile
full_reinstate.sql	public.complete_merchant_signup
full_reinstate.sql	public.complete_trusted_partner_signup
full_reinstate.sql	public.create_staff_admin
full_reinstate.sql	public.disable_auto_renewal
full_reinstate.sql	public.enable_auto_renewal
full_reinstate.sql	public.generate_user_qr_code
full_reinstate.sql	public.get_admin_dashboard
full_reinstate.sql	public.get_my_role
full_reinstate.sql	public.get_subscription_status
full_reinstate.sql	public.handle_new_user_role_assignment
full_reinstate.sql	public.handle_payment_completion
full_reinstate.sql	public.process_automatic_payment
full_reinstate.sql	public.process_automatic_payments
full_reinstate.sql	public.process_monthly_renewal
full_reinstate.sql	public.schedule_automatic_payment
full_reinstate.sql	public.try_cast_double
full_reinstate.sql	public.update_bill_approvals_updated_at
full_reinstate.sql	public.update_trusted_partner_bank_accounts_updated_at
full_reinstate.sql	to
full_reinstate.sql	update_bill_approval_status
full_reinstate.sql	update_business_bills_updated_at
full_reinstate.sql	update_business_logos_updated_at
full_reinstate.sql	update_merchant_discounts_updated_at
full_reinstate.sql	update_payments_updated_at
full_reinstate.sql	update_trusted_partner_discounts_updated_at
full_reinstate.sql	update_updated_at_column
REV_01\apply_payment_flow_migration.sql	create_bill_approval
REV_01\apply_payment_flow_migration.sql	to
REV_01\apply_payment_flow_migration.sql	update_bill_approval_status
REV_01\apply_payment_flow_migration.sql	update_bill_approvals_updated_at
REV_01\apply_payment_flow_migration.sql	update_trusted_partner_bank_accounts_updated_at
REV_01\create_merchant_discounts_table.sql	public.update_merchant_discounts_updated_at
REV_01\create_merchant_discounts_table.sql	to
REV_01\enforce_three_roles_only.sql	public.handle_profile_role_assignment
REV_01\enforce_three_roles_only.sql	public.handle_user_role_assignment
REV_01\enforce_three_roles_only.sql	to
REV_01\fix_business_bills_storage.sql	update_business_bills_updated_at
REV_01\fix_merchants_table_population.sql	public.complete_business_profile
REV_01\fix_trusted_partner_signup.sql	public.complete_business_profile
REV_01\supabase_backup_working_scripts_20250925.sql	update_business_bills_updated_at
REV_01\supabase_sql_fix.sql	update_business_bills_updated_at
REV_01\temp_debug_policies.sql	update_business_bills_updated_at
supabase\migrations\20241015000003_recreate_check_email_function.sql	public.check_email_exists
supabase\migrations\20250914182212_create_get_admin_dashboard.sql	public.get_admin_dashboard
supabase\migrations\20250917091500_create_staff_onboarding_rpc.sql	public.create_staff_admin
supabase\migrations\20250917200000_fix_business_profile_user_fk.sql	public.complete_business_profile
supabase\migrations\20250917210000_create_payments_table.sql	to
supabase\migrations\20250917210000_create_payments_table.sql	update_payments_updated_at
supabase\migrations\20250918000001_update_complete_merchant_signup_for_surname.sql	public.complete_trusted_partner_signup
supabase\migrations\20250918000002_add_contact_number_to_business_profile.sql	public.complete_business_profile
supabase\migrations\20250919160330_fix_merchant_role_assignment.sql	public.complete_business_profile
supabase\migrations\20250919170000_create_automatic_role_assignment_trigger.sql	public.handle_new_user_role_assignment
supabase\migrations\20250919171000_fix_trigger_error_handling.sql	public.handle_new_user_role_assignment
supabase\migrations\20250919172000_add_trigger_logging.sql	public.handle_new_user_role_assignment
supabase\migrations\20250920000000_update_trigger_for_complete_profiles.sql	public.handle_new_user_role_assignment
supabase\migrations\20250920163858_update_subscription_countdown.sql	public.get_subscription_status
supabase\migrations\20250921000000_debug_user_metadata_trigger.sql	public.handle_new_user_role_assignment
supabase\migrations\20250921100000_create_merchant_discounts_table.sql	to
supabase\migrations\20250921100000_create_merchant_discounts_table.sql	update_merchant_discounts_updated_at
supabase\migrations\20250921100001_populate_name_surname_from_qr_code.sql	public.generate_user_qr_code
supabase\migrations\20250921195740_ensure_merchant_discounts_table.sql	to
supabase\migrations\20250921195740_ensure_merchant_discounts_table.sql	update_merchant_discounts_updated_at
supabase\migrations\20250922000000_fix_trigger_date_casting.sql	public.handle_new_user_role_assignment
supabase\migrations\20250923000000_simplify_trigger.sql	public.handle_new_user_role_assignment
supabase\migrations\20250924000001_minimal_trigger.sql	public.handle_new_user_role_assignment
supabase\migrations\20250924165015_update_terminology_merchant_to_trusted_partner_user_to_member.sql	public.complete_business_profile
supabase\migrations\20250924170000_rename_merchant_discounts_to_trusted_partner_discounts.sql	update_trusted_partner_discounts_updated_at
supabase\migrations\20250925000001_create_try_cast_double_function.sql	public.try_cast_double
supabase\migrations\20250925000003_create_qr_codes_and_subscriptions.sql	public.generate_user_qr_code
supabase\migrations\20250925000003_create_qr_codes_and_subscriptions.sql	public.process_monthly_renewal
supabase\migrations\20250925163139_fix_processed_bills_member_id_column.sql	get_user_bill_statistics
supabase\migrations\20250925164403_create_business_logos_table_and_storage.sql	update_business_logos_updated_at
supabase\migrations\20250925170000_create_business_bills_table_and_storage.sql	update_business_bills_updated_at
supabase\migrations\20250925193346_add_trusted_partner_payment_flow.sql	create_bill_approval
supabase\migrations\20250925193346_add_trusted_partner_payment_flow.sql	public.update_bill_approvals_updated_at
supabase\migrations\20250925193346_add_trusted_partner_payment_flow.sql	public.update_trusted_partner_bank_accounts_updated_at
supabase\migrations\20250925193346_add_trusted_partner_payment_flow.sql	to
supabase\migrations\20250925193346_add_trusted_partner_payment_flow.sql	update_bill_approval_status
supabase\migrations\20250926000000_automatic_qr_payment_management.sql	public.activate_qr_after_payment
supabase\migrations\20250926000000_automatic_qr_payment_management.sql	public.disable_auto_renewal
supabase\migrations\20250926000000_automatic_qr_payment_management.sql	public.enable_auto_renewal
supabase\migrations\20250926000000_automatic_qr_payment_management.sql	public.get_subscription_status
supabase\migrations\20250926000000_automatic_qr_payment_management.sql	public.handle_payment_completion
supabase\migrations\20250926000000_automatic_qr_payment_management.sql	public.process_automatic_payments
supabase\migrations\20250926000000_automatic_qr_payment_management.sql	public.schedule_automatic_payment
supabase\migrations\20250927000000_fix_qr_activation_function.sql	public.activate_qr_after_payment
supabase\migrations\20250928000000_fix_plan_type_validation.sql	public.activate_qr_after_payment
supabase\migrations\20250929000000_fix_subscription_status_function.sql	public.get_subscription_status
supabase\migrations\20250930000000_fix_qr_functions_populate_name_surname.sql	public.activate_qr_after_payment
supabase\migrations\20250930000000_fix_qr_functions_populate_name_surname.sql	public.process_automatic_payment
supabase\migrations\20250930100000_fix_merchants_table_population.sql	public.complete_business_profile
supabase\migrations\20251001120000_fix_remaining_merchant_role_functions.sql	public.complete_business_profile
supabase\migrations\20251001120000_fix_remaining_merchant_role_functions.sql	public.complete_trusted_partner_signup
supabase\migrations\20251010130000_create_deal_authorizations.sql	update_updated_at_column
supabase\migrations\20251013223100_deploy_comprehensive_schema.sql	public.update_updated_at_column
supabase\migrations\20251015072430_create_user_profile_function.sql	public.create_user_profile
supabase\migrations\20251015155426_add_check_email_function.sql	public.check_email_exists
supabase\migrations\20251124191157_add_admin_delete_functions.sql	admin_delete_member
supabase\migrations\20251124191157_add_admin_delete_functions.sql	admin_delete_member_data
supabase\migrations\20251124191157_add_admin_delete_functions.sql	admin_delete_trusted_partner
supabase\migrations\20251124191157_add_admin_delete_functions.sql	admin_delete_trusted_partner_data
supabase\migrations\20251124191157_add_admin_delete_functions.sql	is_admin
supabase\migrations\20251125100511_update_trigger_for_trusted_partner.sql	public.handle_new_user_role_assignment
supabase\migrations\20251125120000_fix_trusted_partner_deletion_function.sql	admin_delete_trusted_partner_data
supabase\migrations\20260105000000_fix_member_signup_trigger.sql	public.handle_new_user_role_assignment
supabase\migrations\20260613000000_add_member_terms_acceptance_rpc.sql	public.accept_member_terms
supabase\migrations\20260613010000_add_member_terms_status_rpc.sql	public.member_terms_accepted_status
supabase\migrations\20260613123000_fix_create_user_profile_date_cast.sql	public.create_user_profile
supabase\migrations\20260613130000_fix_create_user_profile_preserve_subscription.sql	public.create_user_profile
supabase\migrations\20260614093000_add_validate_member_qr_scan_rpc.sql	public.validate_member_qr_scan
supabase\migrations\temp_20250915090000_create_get_my_role.sql	public.get_my_role
supabase\migrations\temp_20250915102000_create_complete_merchant_signup.sql	public.complete_trusted_partner_signup
supabase\migrations\temp_20250915102000_create_complete_merchant_signup.sql	public.try_cast_double
supabase\migrations\temp_20250916124500_add_validation_to_complete_merchant_signup.sql	public.complete_trusted_partner_signup
supabase\migrations\temp_20250916125000_create_complete_business_profile.sql	public.complete_business_profile
supabase\supabase\migrations\20250924100639_create_processed_bills_table_and_storage.sql	get_user_bill_statistics
supabase\supabase\migrations\20250924100639_create_processed_bills_table_and_storage.sql	to
supabase\supabase\migrations\20250924100639_create_processed_bills_table_and_storage.sql	update_updated_at_column
supabase\supabase\migrations\20250924140305_add_try_cast_double_function.sql	public.try_cast_double
supabase\supabase\migrations\20250924165015_update_terminology_merchant_to_trusted_partner_user_to_member.sql	public.complete_business_profile
supabase\supabase\migrations\20250924170000_rename_merchant_discounts_to_trusted_partner_discounts.sql	update_trusted_partner_discounts_updated_at
supabase\supabase\migrations\20250930100000_fix_merchants_table_population.sql	public.complete_business_profile
supabase\supabase\migrations\20251001120000_fix_remaining_merchant_role_functions.sql	public.complete_business_profile
supabase\supabase\migrations\20251001120000_fix_remaining_merchant_role_functions.sql	public.complete_merchant_signup
supabase\supabase\seed.sql	public.try_cast_double
supabase_backup_last_working_20250924_163328\supabase\migrations\20250914182212_create_get_admin_dashboard.sql	public.get_admin_dashboard
supabase_backup_last_working_20250924_163328\supabase\migrations\20250917091500_create_staff_onboarding_rpc.sql	public.create_staff_admin
supabase_backup_last_working_20250924_163328\supabase\migrations\20250917200000_fix_business_profile_user_fk.sql	public.complete_business_profile
supabase_backup_last_working_20250924_163328\supabase\migrations\20250917210000_create_payments_table.sql	to
supabase_backup_last_working_20250924_163328\supabase\migrations\20250917210000_create_payments_table.sql	update_payments_updated_at
supabase_backup_last_working_20250924_163328\supabase\migrations\20250918000001_update_complete_merchant_signup_for_surname.sql	public.complete_merchant_signup
supabase_backup_last_working_20250924_163328\supabase\migrations\20250918000002_add_contact_number_to_business_profile.sql	public.complete_business_profile
supabase_backup_last_working_20250924_163328\supabase\migrations\20250919160330_fix_merchant_role_assignment.sql	public.complete_business_profile
supabase_backup_last_working_20250924_163328\supabase\migrations\20250919170000_create_automatic_role_assignment_trigger.sql	public.handle_new_user_role_assignment
supabase_backup_last_working_20250924_163328\supabase\migrations\20250919171000_fix_trigger_error_handling.sql	public.handle_new_user_role_assignment
supabase_backup_last_working_20250924_163328\supabase\migrations\20250919172000_add_trigger_logging.sql	public.handle_new_user_role_assignment
supabase_backup_last_working_20250924_163328\supabase\migrations\20250920000000_update_trigger_for_complete_profiles.sql	public.handle_new_user_role_assignment
supabase_backup_last_working_20250924_163328\supabase\migrations\20250920163858_update_subscription_countdown.sql	public.get_subscription_status
supabase_backup_last_working_20250924_163328\supabase\migrations\20250921000000_debug_user_metadata_trigger.sql	public.handle_new_user_role_assignment
supabase_backup_last_working_20250924_163328\supabase\migrations\20250921100000_create_merchant_discounts_table.sql	to
supabase_backup_last_working_20250924_163328\supabase\migrations\20250921100000_create_merchant_discounts_table.sql	update_merchant_discounts_updated_at
supabase_backup_last_working_20250924_163328\supabase\migrations\20250921100001_populate_name_surname_from_qr_code.sql	public.generate_user_qr_code
supabase_backup_last_working_20250924_163328\supabase\migrations\20250921195740_ensure_merchant_discounts_table.sql	to
supabase_backup_last_working_20250924_163328\supabase\migrations\20250921195740_ensure_merchant_discounts_table.sql	update_merchant_discounts_updated_at
supabase_backup_last_working_20250924_163328\supabase\migrations\20250922000000_fix_trigger_date_casting.sql	public.handle_new_user_role_assignment
supabase_backup_last_working_20250924_163328\supabase\migrations\20250923000000_simplify_trigger.sql	public.handle_new_user_role_assignment
supabase_backup_last_working_20250924_163328\supabase\migrations\20250924000001_minimal_trigger.sql	public.handle_new_user_role_assignment
supabase_backup_last_working_20250924_163328\supabase\migrations\20250924132508_complete_schema_rebuild.sql	public.generate_user_qr_code
supabase_backup_last_working_20250924_163328\supabase\migrations\20250924132508_complete_schema_rebuild.sql	public.process_monthly_renewal
supabase_backup_last_working_20250924_163328\supabase\migrations\20250924132508_complete_schema_rebuild.sql	public.try_cast_double
supabase_backup_last_working_20250924_163328\supabase\migrations\20250924132508_complete_schema_rebuild.sql	update_merchant_discounts_updated_at
supabase_backup_last_working_20250924_163328\supabase\migrations\20250925000001_create_try_cast_double_function.sql	public.try_cast_double
supabase_backup_last_working_20250924_163328\supabase\migrations\20250925000003_create_qr_codes_and_subscriptions.sql	public.generate_user_qr_code
supabase_backup_last_working_20250924_163328\supabase\migrations\20250925000003_create_qr_codes_and_subscriptions.sql	public.process_monthly_renewal
supabase_backup_last_working_20250924_163328\supabase\migrations\20250926000000_automatic_qr_payment_management.sql	public.activate_qr_after_payment
supabase_backup_last_working_20250924_163328\supabase\migrations\20250926000000_automatic_qr_payment_management.sql	public.disable_auto_renewal
supabase_backup_last_working_20250924_163328\supabase\migrations\20250926000000_automatic_qr_payment_management.sql	public.enable_auto_renewal
supabase_backup_last_working_20250924_163328\supabase\migrations\20250926000000_automatic_qr_payment_management.sql	public.get_subscription_status
supabase_backup_last_working_20250924_163328\supabase\migrations\20250926000000_automatic_qr_payment_management.sql	public.handle_payment_completion
supabase_backup_last_working_20250924_163328\supabase\migrations\20250926000000_automatic_qr_payment_management.sql	public.process_automatic_payments
supabase_backup_last_working_20250924_163328\supabase\migrations\20250926000000_automatic_qr_payment_management.sql	public.schedule_automatic_payment
supabase_backup_last_working_20250924_163328\supabase\migrations\20250927000000_fix_qr_activation_function.sql	public.activate_qr_after_payment
supabase_backup_last_working_20250924_163328\supabase\migrations\20250928000000_fix_plan_type_validation.sql	public.activate_qr_after_payment
supabase_backup_last_working_20250924_163328\supabase\migrations\20250929000000_fix_subscription_status_function.sql	public.get_subscription_status
supabase_backup_last_working_20250924_163328\supabase\migrations\20250930000000_fix_qr_functions_populate_name_surname.sql	public.activate_qr_after_payment
supabase_backup_last_working_20250924_163328\supabase\migrations\20250930000000_fix_qr_functions_populate_name_surname.sql	public.process_automatic_payment
supabase_backup_last_working_20250924_163328\supabase\migrations\20250930100000_fix_merchants_table_population.sql	public.complete_business_profile
supabase_backup_last_working_20250924_163328\supabase\migrations\temp_20250915090000_create_get_my_role.sql	public.get_my_role
supabase_backup_last_working_20250924_163328\supabase\migrations\temp_20250915102000_create_complete_merchant_signup.sql	public.complete_merchant_signup
supabase_backup_last_working_20250924_163328\supabase\migrations\temp_20250915102000_create_complete_merchant_signup.sql	public.try_cast_double
supabase_backup_last_working_20250924_163328\supabase\migrations\temp_20250916124500_add_validation_to_complete_merchant_signup.sql	public.complete_merchant_signup
supabase_backup_last_working_20250924_163328\supabase\migrations\temp_20250916125000_create_complete_business_profile.sql	public.complete_business_profile
supabase_backup_last_working_20250924_163328\supabase\supabase\migrations\20250924100639_create_processed_bills_table_and_storage.sql	get_user_bill_statistics
supabase_backup_last_working_20250924_163328\supabase\supabase\migrations\20250924100639_create_processed_bills_table_and_storage.sql	to
supabase_backup_last_working_20250924_163328\supabase\supabase\migrations\20250924100639_create_processed_bills_table_and_storage.sql	update_updated_at_column
supabase_backup_last_working_20250924_163328\supabase\supabase\migrations\20250924140305_add_try_cast_double_function.sql	public.try_cast_double
supabase_backup_last_working_20250924_163328\supabase\supabase\seed.sql	public.try_cast_double
supabase_backup_last_working_20250924_163328\supabase_sql_fix.sql	public.complete_business_profile
update_admin_delete_member_with_archive.sql	admin_delete_member
update_admin_delete_member_with_archive.sql	admin_delete_member_data
update_complete_business_profile_function.sql	public.complete_business_profile
update_complete_business_profile_with_social_handles.sql	public.complete_business_profile
