admin_promo_keys	lib\features\admin\widgets\admin_promo_key_dialog.dart
admin_promo_keys	lib\features\auth\widgets\trusted_partner_key_dialog.dart
bill_approvals	lib\services\bill_approval_service.dart
business-bills	lib\features\auth\discount_management_page.dart
businesses	lib\features\admin\admin_edit_partner_screen.dart
businesses	lib\features\admin\admin_overview_screen.dart
businesses	lib\features\admin\admin_partner_detail_screen.dart
businesses	lib\features\admin\admin_partners_screen.dart
businesses	lib\features\auth\business_profile_page.dart
businesses	lib\features\auth\deal_authorization_dashboard.dart
businesses	lib\features\auth\members_home_page.dart
businesses	lib\features\auth\receipt_generator_page.dart
businesses	lib\features\auth\trusted_partner_home_page.dart
businesses	lib\features\auth\trusted_partners_by_category_page.dart
businesses	lib\features\auth\trusted_partners_home_page.dart
businesses	lib\features\auth\trusted_partners_page.dart
businesses	lib\features\business\trusted_partner_customers_page.dart
businesses	lib\features\business\trusted_partner_repeat_customers_page.dart
businesses	lib\features\payments\deal_payment_webview_page.dart
businesses	lib\services\bill_approval_service.dart
businesses	lib\services\chat_service.dart
businesses	lib\services\deal_approval_popup_service.dart
businesses	lib\services\deal_authorization_service.dart
businesses	lib\services\discount_service.dart
businesses	lib\services\paystack_service.dart
businesses	lib\services\savings_service.dart
businesses	lib\services\supabase_service.dart
chat_conversations	lib\services\chat_service.dart
chat_messages	lib\services\chat_service.dart
deal_authorizations	lib\features\auth\deal_authorization_dashboard.dart
deal_authorizations	lib\features\auth\deal_selection_page.dart
deal_authorizations	lib\features\auth\member_profile_page.dart
deal_authorizations	lib\features\auth\members_home_page.dart
deal_authorizations	lib\features\auth\receipt_generator_page.dart
deal_authorizations	lib\features\auth\trusted_partner_home_page.dart
deal_authorizations	lib\features\auth\trusted_partners_home_page.dart
deal_authorizations	lib\features\business\trusted_partner_customers_page.dart
deal_authorizations	lib\features\business\trusted_partner_repeat_customers_page.dart
deal_authorizations	lib\features\payments\deal_payment_webview_page.dart
deal_authorizations	lib\features\payments\pending_payments_page.dart
deal_authorizations	lib\services\admin_service.dart
deal_authorizations	lib\services\bill_approval_service.dart
deal_authorizations	lib\services\deal_approval_popup_service.dart
deal_authorizations	lib\services\deal_authorization_service.dart
deal_authorizations	lib\services\discount_service.dart
deal_authorizations	lib\services\savings_service.dart
deal_receipts	lib\features\auth\deal_authorization_dashboard.dart
deal_receipts	lib\features\auth\receipt_book_page.dart
deal_receipts	lib\features\members\member_receipts_page.dart
deal_receipts	lib\features\payments\deal_payment_webview_page.dart
deal_receipts	lib\services\deal_approval_popup_service.dart
deal_receipts	lib\services\deal_authorization_service.dart
deal_receipts	lib\services\savings_service.dart
member_receipts	lib\services\discount_service.dart
members_bank_accounts	lib\features\auth\member_profile_page.dart
members_bank_accounts	lib\services\paystack_service.dart
members_card_details	lib\features\auth\member_profile_page.dart
members_card_details	lib\features\auth\widgets\trusted_partner_key_dialog.dart
members_card_details	lib\services\paystack_service.dart
memberships	lib\features\auth\trusted_partner_signup_page.dart
memberships	lib\services\paystack_webhook_handler.dart
memberships	lib\services\supabase_service.dart
memberships	lib\services\tp_membership_service.dart
notifications	lib\services\deal_approval_popup_service.dart
notifications	lib\services\discount_service.dart
notifications	lib\services\notification_service.dart
notifications	lib\services\push_notification_service.dart
notifications	lib\services\subscription_service.dart
partner-logos	lib\features\admin\admin_edit_partner_screen.dart
partner-logos	lib\features\auth\business_profile_page.dart
payments	lib\services\admin_service.dart
payments	lib\services\payment_status_service.dart
payments	lib\services\paystack_webhook_handler.dart
processed_bills	lib\services\bill_approval_service.dart
processed_bills	lib\services\savings_service.dart
profiles	lib\features\admin\admin_edit_partner_screen.dart
profiles	lib\features\admin\admin_members_screen.dart
profiles	lib\features\admin\admin_overview_screen.dart
profiles	lib\features\admin\admin_partners_screen.dart
profiles	lib\features\auth\business_profile_page.dart
profiles	lib\features\auth\members_home_page.dart
profiles	lib\features\auth\members_signup_page.dart
profiles	lib\features\auth\promotion_detail_page.dart
profiles	lib\features\auth\set_initial_password_page.dart
profiles	lib\features\auth\set_password_page.dart
profiles	lib\features\auth\trusted_partner_home_page.dart
profiles	lib\features\auth\trusted_partners_by_category_page.dart
profiles	lib\features\auth\trusted_partners_page.dart
profiles	lib\features\auth\welcome_page.dart
profiles	lib\features\trusted_partner\tp_payment_terms_page.dart
profiles	lib\services\admin_service.dart
profiles	lib\services\chat_service.dart
profiles	lib\services\deal_authorization_service.dart
profiles	lib\services\navigation_service.dart
profiles	lib\services\notification_service.dart
profiles	lib\services\paystack_service.dart
profiles	lib\services\paystack_webhook_handler.dart
profiles	lib\services\push_notification_service.dart
profiles	lib\services\qr_code_service.dart
profiles	lib\services\subscription_service.dart
profiles	lib\services\supabase_service.dart
promo-images	lib\features\admin\admin_create_promotion_screen.dart
promotion_participant_emails	lib\features\auth\promotion_detail_page.dart
promotion_participant_emails	lib\services\promotion_campaign_service.dart
promotion_signups	lib\features\admin\admin_promotion_detail_screen.dart
promotion_signups	lib\features\auth\members_home_page.dart
promotion_signups	lib\features\auth\promotion_detail_page.dart
promotions	lib\features\admin\admin_create_promotion_screen.dart
promotions	lib\features\admin\admin_promotion_detail_screen.dart
promotions	lib\features\admin\admin_promotions_screen.dart
recovery_sessions	lib\main.dart
recovery_sessions	lib\services\navigation_service.dart
subscription_renewals	lib\services\subscription_service.dart
subscriptions	lib\features\auth\widgets\trusted_partner_key_dialog.dart
subscriptions	lib\features\payments\paystack_webview_page.dart
subscriptions	lib\services\admin_service.dart
subscriptions	lib\services\deal_authorization_service.dart
subscriptions	lib\services\navigation_service.dart
subscriptions	lib\services\paystack_webhook_handler.dart
subscriptions	lib\services\subscription_service.dart
subscriptions	lib\services\supabase_service.dart
tp_inquiries	lib\features\auth\tp_interest_form_page.dart
tp_member_keys	lib\features\admin\admin_partner_detail_screen.dart
tp_member_keys	lib\features\admin\admin_partners_screen.dart
tp_member_keys	lib\features\auth\widgets\trusted_partner_key_dialog.dart
tp_member_keys	lib\services\tp_membership_service.dart
trusted_partner_bank_accounts	lib\features\admin\admin_partner_detail_screen.dart
trusted_partner_bank_accounts	lib\features\auth\business_profile_page.dart
trusted_partner_bank_accounts	lib\features\auth\trusted_partner_home_page.dart
trusted_partner_bank_accounts	lib\features\business\bill_approval_page.dart
trusted_partner_bank_accounts	lib\features\payments\deal_payment_webview_page.dart
trusted_partner_bank_accounts	lib\services\bank_account_service.dart
trusted_partner_bank_accounts	lib\services\deal_approval_popup_service.dart
trusted_partner_bank_accounts	lib\services\paystack_service.dart
trusted_partner_discounts	lib\features\admin\admin_overview_screen.dart
trusted_partner_discounts	lib\features\admin\admin_partner_detail_screen.dart
trusted_partner_discounts	lib\features\auth\discount_management_page.dart
trusted_partner_discounts	lib\features\auth\members_home_page.dart
trusted_partner_discounts	lib\features\auth\trusted_partners_by_category_page.dart
trusted_partner_discounts	lib\services\admin_service.dart
trusted_partner_discounts	lib\services\deal_authorization_service.dart
trusted_partner_discounts	lib\services\discount_service.dart
trusted_partners	lib\features\admin\admin_edit_partner_screen.dart
trusted_partners	lib\features\admin\admin_partner_detail_screen.dart
trusted_partners	lib\features\admin\admin_partners_screen.dart
trusted_partners	lib\features\auth\business_profile_page.dart
trusted_partners	lib\features\auth\members_home_page.dart
trusted_partners	lib\features\auth\trusted_partner_signup_page.dart
trusted_partners	lib\features\auth\widgets\trusted_partner_key_dialog.dart
trusted_partners	lib\features\payments\deal_payment_webview_page.dart
trusted_partners	lib\services\admin_service.dart
trusted_partners	lib\services\banking_details_test.dart
trusted_partners	lib\services\deal_approval_popup_service.dart
trusted_partners	lib\services\paystack_service.dart
trusted_partners	lib\services\supabase_service.dart
trusted_partners	lib\services\tp_membership_service.dart
user_qr_codes	lib\features\auth\members_home_page.dart
user_qr_codes	lib\features\auth\trusted_partner_home_page.dart
user_qr_codes	lib\features\auth\widgets\trusted_partner_key_dialog.dart
user_qr_codes	lib\services\admin_service.dart
user_qr_codes	lib\services\subscription_service.dart
user_qr_codes	lib\services\tp_membership_service.dart
users	lib\services\supabase_service.dart
virtual_receipts	lib\features\payments\deal_payment_webview_page.dart
virtual_receipts	lib\services\deal_approval_popup_service.dart
virtual_receipts	lib\services\discount_service.dart
